title,url,date
"Small Group Training: motivazione, qualit√† e convenienza","https://www.muvfitness.it/blog/small-group-training-motivazione-qualita-e-convenienza","2025-08-09"
"Immergiti nel Benessere: I Benefici Incredibili della Vasca","https://www.muvfitness.it/blog/immergiti-benessere-benefici-incredibili-della-vasca","2025-08-08"
"La Postura Corretta: Non Solo Estetica, Ma Salute e Performance","https://www.muvfitness.it/blog/la-postura-corretta-non-solo-estetica-ma-salute-e-performance-il-ruolo-del-fitness-muv","2025-08-08"
"Caldo e Freddo: la Chiave del Benessere a Legnago","https://www.muvfitness.it/blog/caldo-e-freddo-la-chiave-del-benessere-a-legnago","2025-08-08"
"I benefici della sauna a infrarossi","https://www.muvfitness.it/blog/i-benefici-della-sauna-a-infrarossi","2025-08-07"
"Perdere Peso Dopo la Gravidanza: Guida Completa","https://www.muvfitness.it/blog/perdere-peso-dopo-la-gravidanza-guida-completa","2025-08-05"
"Massimizza i Tuoi Risultati in Palestra","https://www.muvfitness.it/blog/massimizza-tuoi-risultati-palestra-guida-scientifica","2025-08-04"
"Dimagrire a Legnago nel 2025: EMS e HIIT","https://www.muvfitness.it/blog/dimagrire-legnago-2025-ems-hiit","2025-08-02"
"Fitness intelligente: EMS, Vacuum Therapy, Roll","https://www.muvfitness.it/blog/fitness-intelligente-ems-vacuum-therapy-roll","2025-07-31"
"Postura perfetta sotto il sole: Pancafit e Pilates","https://www.muvfitness.it/blog/postura-perfetta-sotto-sole-pancafit-pilates","2025-07-30"
"Dimagrimento estivo: perdere peso a Legnago in 30 giorni","https://www.muvfitness.it/blog/dimagrimento-estivo-perdere-peso-legnago-giorni","2025-07-29"
"Vacuum Addominale: Guida Completa per un Core di Acciaio","https://www.muvfitness.it/blog/vacuum-addominale-guida-completa-core-acciaio","2025-07-28"
"Tendenze Fitness 2025: Dimagrire e Stare Bene a Legnago","https://www.muvfitness.it/blog/tendenze-fitness-2025-dimagrire-legnago","2025-07-28"
"L'Impatto della Tecnologia nel Fitness Moderno","https://www.muvfitness.it/blog/limpatto-della-tecnologia-indossabile-dellintelligenza-artificiale","2025-07-23"
"Idratazione e Nutrizione Estiva","https://www.muvfitness.it/blog/idratazione-e-nutrizione-estiva-il-carburante-perfetto-per-i-tuoi-allenamenti-muv","2025-07-21"
"MUV Fitness in Vacanza: Mantieni la Forma","https://www.muvfitness.it/blog/muv-fitness-vacanza-mantieni-forma-intelligenza","2025-07-21"
"Allenamento Estivo Intelligente","https://www.muvfitness.it/blog/allenamento-estivo-intelligente-massimizza-i-tuoi-risultati-con-muv-fitness","2025-07-18"
"Pilates: Migliora Postura e Forza","https://www.muvfitness.it/blog/pilates-migliora-postura-e-forza-con-muv-fitness","2025-07-16"